{"name":"AcompanharStatus","identifier":"VNPNEZL9J7","description":"Intent responsável por acompanhar o status do registro de desaparecimento através do número de protocolo.","parentIntentSignature":null,"sampleUtterances":[{"utterance":"acompanhar o registro de desaparecimento"},{"utterance":"acompanhar desaparecimento"}],"intentConfirmationSetting":null,"intentClosingSetting":null,"initialResponseSetting":{"conditional":null,"codeHook":{"isActive":true,"invocationLabel":null,"postCodeHookSpecification":{"failureResponse":null,"failureNextStep":{"sessionAttributes":null,"dialogAction":{"type":"EndConversation","slotToElicit":null,"suppressNextMessage":null},"intent":{"name":null,"slots":null}},"failureConditional":null,"successResponse":null,"successNextStep":{"sessionAttributes":null,"dialogAction":{"type":"ElicitSlot","slotToElicit":"NumeroProtocolo","suppressNextMessage":null},"intent":{"name":null,"slots":null}},"successConditional":null,"timeoutResponse":null,"timeoutNextStep":{"sessionAttributes":null,"dialogAction":{"type":"EndConversation","slotToElicit":null,"suppressNextMessage":null},"intent":{"name":null,"slots":null}},"timeoutConditional":null},"enableCodeHookInvocation":true},"nextStep":{"sessionAttributes":null,"dialogAction":{"type":"InvokeDialogCodeHook","slotToElicit":null,"suppressNextMessage":null},"intent":{"name":null,"slots":null}},"initialResponse":{"messageGroupsList":[{"message":{"ssmlMessage":null,"customPayload":null,"plainTextMessage":{"value":"🛎 Opção para acompanhar status selecionada. Digite 'Menu' caso queira cancelar a operação."},"imageResponseCard":null},"variations":null}],"allowInterrupt":true}},"inputContexts":null,"outputContexts":null,"kendraConfiguration":null,"qnAIntentConfiguration":null,"bedrockAgentIntentConfiguration":null,"dialogCodeHook":null,"fulfillmentCodeHook":{"isActive":true,"postFulfillmentStatusSpecification":{"failureResponse":null,"failureNextStep":{"sessionAttributes":null,"dialogAction":{"type":"EndConversation","slotToElicit":null,"suppressNextMessage":null},"intent":{"name":null,"slots":null}},"successResponse":null,"successNextStep":{"sessionAttributes":null,"dialogAction":{"type":"EvaluateConditional","slotToElicit":null,"suppressNextMessage":null},"intent":{"name":null,"slots":null}},"successConditional":{"isActive":true,"conditionalBranches":[{"name":"404","response":{"messageGroupsList":[{"message":{"ssmlMessage":null,"customPayload":null,"plainTextMessage":{"value":"❌ Número de protocolo inválido."},"imageResponseCard":null},"variations":null}],"allowInterrupt":true},"condition":{"expressionString":"{NumeroProtocolo} = \"404\""},"nextStep":{"sessionAttributes":null,"dialogAction":{"type":"ElicitSlot","slotToElicit":"NumeroProtocolo","suppressNextMessage":null},"intent":{"name":null,"slots":{"NumeroProtocolo":{"value":{"interpretedValue":null},"values":null,"shape":null}}}}},{"name":"500","response":{"messageGroupsList":[{"message":{"ssmlMessage":null,"customPayload":null,"plainTextMessage":{"value":"❌ Ocorreu um erro ao processar sua solicitação. Por favor, insira o protocolo novamente."},"imageResponseCard":null},"variations":null}],"allowInterrupt":true},"condition":{"expressionString":"{NumeroProtocolo} = \"500\""},"nextStep":{"sessionAttributes":null,"dialogAction":{"type":"ElicitSlot","slotToElicit":"NumeroProtocolo","suppressNextMessage":null},"intent":{"name":null,"slots":{"NumeroProtocolo":{"value":{"interpretedValue":null},"values":null,"shape":null}}}}},{"name":"201TRUE","response":{"messageGroupsList":[{"message":{"ssmlMessage":null,"customPayload":null,"plainTextMessage":{"value":"✅ Protocolo encontrado."},"imageResponseCard":null},"variations":null},{"message":{"ssmlMessage":null,"customPayload":null,"plainTextMessage":{"value":"🛂 A pessoa foi encontrada. As orientações a serem seguidas ja foram enviadas."},"imageResponseCard":null},"variations":null},{"message":{"ssmlMessage":null,"customPayload":null,"plainTextMessage":{"value":"🔔 Verifique seu inbox e fique atento aos meios de comunicações cadastrados."},"imageResponseCard":null},"variations":null}],"allowInterrupt":true},"condition":{"expressionString":"{NumeroProtocolo} = \"201\" && [status_localizado] = \"true\""},"nextStep":{"sessionAttributes":null,"dialogAction":{"type":"EndConversation","slotToElicit":null,"suppressNextMessage":null},"intent":null}},{"name":"201FALSE","response":{"messageGroupsList":[{"message":{"ssmlMessage":null,"customPayload":null,"plainTextMessage":{"value":"✅ Protocolo encontrado."},"imageResponseCard":null},"variations":null},{"message":{"ssmlMessage":null,"customPayload":null,"plainTextMessage":{"value":"⛔ Sinto muito, a pessoa segue com o status de desaparecida até o momento."},"imageResponseCard":null},"variations":null},{"message":{"ssmlMessage":null,"customPayload":null,"plainTextMessage":{"value":"🔔 Entraremos em contato de imediato caso nosso sistema seja notificado do encontro da pessoa desaparecida."},"imageResponseCard":null},"variations":null}],"allowInterrupt":true},"condition":{"expressionString":"{NumeroProtocolo} = \"201\" && [status_localizado] = \"false\""},"nextStep":{"sessionAttributes":null,"dialogAction":{"type":"EndConversation","slotToElicit":null,"suppressNextMessage":null},"intent":null}}],"defaultBranch":{"response":{"messageGroupsList":[{"message":{"ssmlMessage":null,"customPayload":null,"plainTextMessage":{"value":"Retornando ao menu."},"imageResponseCard":null},"variations":null}],"allowInterrupt":true},"nextStep":{"sessionAttributes":null,"dialogAction":{"type":"StartIntent","slotToElicit":null,"suppressNextMessage":null},"intent":{"name":"SaudacoesIniciais","slots":null}}}},"timeoutResponse":null,"timeoutNextStep":{"sessionAttributes":null,"dialogAction":{"type":"EndConversation","slotToElicit":null,"suppressNextMessage":null},"intent":{"name":null,"slots":null}}},"fulfillmentUpdatesSpecification":null,"enabled":false},"slotPriorities":[{"priority":1,"slotName":"NumeroProtocolo"}]}