{"name":"RegistrarDesaparecimento","identifier":"YM4N8V9GRZ","description":"Intent responsável por solicitar dados do desaparecido e do usuário para contatar posteriormente.","parentIntentSignature":null,"sampleUtterances":[{"utterance":"Quero registrar um desaparecimento"},{"utterance":"Gostaria de informar que uma pessoa desapareceu"},{"utterance":"Um ente sumiu, quero registrar o sumiço"},{"utterance":"Uma pessoa desapareceu"},{"utterance":"Não encontro uma pessoa"},{"utterance":"Perdi uma pessoa, quero tentar encontrá-la"},{"utterance":"Quero informar que perdi uma pessoa"},{"utterance":"Perdi uma pessoa"},{"utterance":"Ocorreu um desaparecimento"},{"utterance":"Depareceu alguém"},{"utterance":"Não encontrei"},{"utterance":"Saiu e não voltou"}],"intentConfirmationSetting":null,"intentClosingSetting":{"isActive":false,"nextStep":{"sessionAttributes":null,"dialogAction":{"type":"EndConversation","slotToElicit":null,"suppressNextMessage":null},"intent":{"name":null,"slots":null}},"closingResponse":null},"initialResponseSetting":{"conditional":null,"codeHook":{"isActive":true,"invocationLabel":null,"postCodeHookSpecification":{"failureResponse":null,"failureNextStep":{"sessionAttributes":null,"dialogAction":{"type":"EndConversation","slotToElicit":null,"suppressNextMessage":null},"intent":{"name":null,"slots":null}},"failureConditional":null,"successResponse":null,"successNextStep":{"sessionAttributes":null,"dialogAction":{"type":"ElicitSlot","slotToElicit":"NomeUsuario","suppressNextMessage":null},"intent":{"name":null,"slots":null}},"successConditional":null,"timeoutResponse":null,"timeoutNextStep":{"sessionAttributes":null,"dialogAction":{"type":"EndConversation","slotToElicit":null,"suppressNextMessage":null},"intent":{"name":null,"slots":null}},"timeoutConditional":null},"enableCodeHookInvocation":true},"nextStep":{"sessionAttributes":null,"dialogAction":{"type":"InvokeDialogCodeHook","slotToElicit":null,"suppressNextMessage":null},"intent":{"name":null,"slots":null}},"initialResponse":{"messageGroupsList":[{"message":{"ssmlMessage":null,"customPayload":null,"plainTextMessage":{"value":"🖊️ Para prosseguir com o registro do desaparecimento, vamos precisar coletar algumas informações suas e da pessoa desaparecida. Isso nos ajudará a conduzir a busca de forma mais eficaz. Vamos começar?"},"imageResponseCard":null},"variations":null}],"allowInterrupt":true}},"inputContexts":null,"outputContexts":null,"kendraConfiguration":null,"qnAIntentConfiguration":null,"bedrockAgentIntentConfiguration":null,"dialogCodeHook":null,"fulfillmentCodeHook":{"isActive":true,"postFulfillmentStatusSpecification":{"failureResponse":null,"failureNextStep":{"sessionAttributes":null,"dialogAction":{"type":"EndConversation","slotToElicit":null,"suppressNextMessage":null},"intent":{"name":null,"slots":null}},"successResponse":null,"successNextStep":{"sessionAttributes":null,"dialogAction":{"type":"EvaluateConditional","slotToElicit":null,"suppressNextMessage":null},"intent":{"name":null,"slots":null}},"successConditional":{"isActive":true,"conditionalBranches":[{"name":"201","response":{"messageGroupsList":[{"message":{"ssmlMessage":null,"customPayload":null,"plainTextMessage":{"value":"Agradecemos por fornecer as informações!"},"imageResponseCard":null},"variations":null},{"message":{"ssmlMessage":null,"customPayload":null,"plainTextMessage":{"value":"✅ Registro efetuado com sucesso! Informaremos você caso a pessoa desaparecida seja encontrada."},"imageResponseCard":null},"variations":null},{"message":{"ssmlMessage":null,"customPayload":null,"plainTextMessage":{"value":"📲 Você pode usar este chat para acompanhar o status do seu registro utilizando o protocolo [record_id]"},"imageResponseCard":null},"variations":null},{"message":{"ssmlMessage":null,"customPayload":null,"plainTextMessage":{"value":"⏰ Enquanto ainda procuramos pela pessoa desaparecida, estamos enviando um áudio com algumas orientações sobre como proceder nesses casos."},"imageResponseCard":null},"variations":null}],"allowInterrupt":true},"condition":{"expressionString":"{Foto} = 201"},"nextStep":{"sessionAttributes":null,"dialogAction":{"type":"EndConversation","slotToElicit":null,"suppressNextMessage":null},"intent":null}},{"name":"204","response":{"messageGroupsList":[{"message":{"ssmlMessage":null,"customPayload":null,"plainTextMessage":{"value":"Agradecemos por fornecer as informações!"},"imageResponseCard":null},"variations":null},{"message":{"ssmlMessage":null,"customPayload":null,"plainTextMessage":{"value":"✅ Notamos em nossos registros que já existe uma solicitação para a pessoa identificada na foto que você enviou."},"imageResponseCard":null},"variations":null},{"message":{"ssmlMessage":null,"customPayload":null,"plainTextMessage":{"value":"📲 Lembre-se que você sempre pode acompanhar o status de uma solicitação aqui conosco utilizando o protocolo informado após o registro do desaparecimento."},"imageResponseCard":null},"variations":null}],"allowInterrupt":true},"condition":{"expressionString":"{Foto} = 204"},"nextStep":{"sessionAttributes":null,"dialogAction":{"type":"EndConversation","slotToElicit":null,"suppressNextMessage":null},"intent":null}},{"name":"400","response":{"messageGroupsList":[{"message":{"ssmlMessage":null,"customPayload":null,"plainTextMessage":{"value":"📷❌ A foto enviada não atende aos requisitos necessários para que possamos abrir uma solicitação. Certifique-se de que enviou uma foto no formato PNG ou JPG e que a mesma contenha somente a pessoa desaparecida."},"imageResponseCard":null},"variations":null},{"message":{"ssmlMessage":null,"customPayload":null,"plainTextMessage":{"value":"Por favor, tente enviar a imagem novamente."},"imageResponseCard":null},"variations":null}],"allowInterrupt":true},"condition":{"expressionString":"{Foto} = 400"},"nextStep":{"sessionAttributes":null,"dialogAction":{"type":"ElicitSlot","slotToElicit":"Foto","suppressNextMessage":true},"intent":{"name":null,"slots":{"Foto":{"value":{"interpretedValue":null},"values":null,"shape":null}}}}},{"name":"500","response":{"messageGroupsList":[{"message":{"ssmlMessage":null,"customPayload":null,"plainTextMessage":{"value":"📷❌ Ocorreu um erro ao processar sua solicitação. Por favor, tente enviar a imagem novamente."},"imageResponseCard":null},"variations":null}],"allowInterrupt":true},"condition":{"expressionString":"{Foto} = 500"},"nextStep":{"sessionAttributes":null,"dialogAction":{"type":"ElicitSlot","slotToElicit":"Foto","suppressNextMessage":true},"intent":{"name":null,"slots":{"Foto":{"value":{"interpretedValue":null},"values":null,"shape":null}}}}}],"defaultBranch":{"response":null,"nextStep":{"sessionAttributes":null,"dialogAction":{"type":"EndConversation","slotToElicit":null,"suppressNextMessage":null},"intent":{"name":null,"slots":null}}}},"timeoutResponse":null,"timeoutNextStep":{"sessionAttributes":null,"dialogAction":{"type":"EndConversation","slotToElicit":null,"suppressNextMessage":null},"intent":{"name":null,"slots":null}}},"fulfillmentUpdatesSpecification":null,"enabled":false},"slotPriorities":[{"priority":2,"slotName":"EmailUsuario"},{"priority":6,"slotName":"DescricaoDesaparecido"},{"priority":7,"slotName":"Foto"},{"priority":4,"slotName":"DataNascimentoDesaparecido"},{"priority":1,"slotName":"NomeUsuario"},{"priority":5,"slotName":"SexoDesaparecido"},{"priority":3,"slotName":"NomeCompletoDesaparecido"}]}