{"name":"SexoPessoa","identifier":"2N8NM3C2QJ","description":null,"slotTypeValues":[{"synonyms":[{"value":"masc"},{"value":"masculino"},{"value":"homem"},{"value":"menino"},{"value":"Masculino"},{"value":"macho"},{"value":"garoto"},{"value":"M"},{"value":"MASC"}],"sampleValue":{"value":"Masculino"}},{"synonyms":[{"value":"feminino"},{"value":"femea"},{"value":"mulher"},{"value":"menina"},{"value":"garota"},{"value":"fem"},{"value":"F"},{"value":"FEM"},{"value":"Feminino"}],"sampleValue":{"value":"Feminino"}}],"parentSlotTypeSignature":null,"valueSelectionSetting":{"resolutionStrategy":"TOP_RESOLUTION","regexFilter":null}}