{"name":"SaudacoesIniciais","identifier":"SLCMZC0D06","description":"Intent responsável pela interação inicial com o usuário. Permite acompanhar uma solicitação ou iniciar um registro de desaparecimento ou notificar um encontro de um desaparecido.","parentIntentSignature":null,"sampleUtterances":[{"utterance":"Menu Inicial"},{"utterance":"Inicio"},{"utterance":"Voltar ao menu"},{"utterance":"Início"},{"utterance":"Voltar ao começo"},{"utterance":"Menu"},{"utterance":"Menu principal"},{"utterance":"ola"},{"utterance":"ajuda"},{"utterance":"oi"},{"utterance":"como você pode me ajudar"}],"intentConfirmationSetting":null,"intentClosingSetting":null,"initialResponseSetting":{"conditional":null,"codeHook":{"isActive":false,"invocationLabel":null,"postCodeHookSpecification":{"failureResponse":null,"failureNextStep":{"sessionAttributes":null,"dialogAction":{"type":"EndConversation","slotToElicit":null,"suppressNextMessage":null},"intent":{"name":null,"slots":null}},"failureConditional":null,"successResponse":null,"successNextStep":{"sessionAttributes":null,"dialogAction":{"type":"ElicitSlot","slotToElicit":"1","suppressNextMessage":null},"intent":{"name":null,"slots":null}},"successConditional":null,"timeoutResponse":null,"timeoutNextStep":{"sessionAttributes":null,"dialogAction":{"type":"EndConversation","slotToElicit":null,"suppressNextMessage":null},"intent":{"name":null,"slots":null}},"timeoutConditional":null},"enableCodeHookInvocation":true},"nextStep":{"sessionAttributes":null,"dialogAction":{"type":"EndConversation","slotToElicit":null,"suppressNextMessage":null},"intent":{"name":null,"slots":null}},"initialResponse":{"messageGroupsList":[{"message":{"ssmlMessage":null,"customPayload":{"value":"📮 Bem-vindo ao serviço de apoio ao registro de desaparecidos.\n\nEstamos aqui para ajudar você da melhor forma possível. Através deste chat, podemos:\n\n- *Registrar o desaparecimento de uma pessoa*\n\n- *Acompanhar o andamento de um registro de desaparecimento existente*\n\n- *Registrar o encontro de alguém que estava perdido*\n\nPara começar, basta digitar o que você precisa com base nas opções acima. Estamos prontos para fornecer o suporte necessário e acompanhar cada passo do processo com você.\n\nConte conosco! 🌟"},"plainTextMessage":null,"imageResponseCard":null},"variations":null}],"allowInterrupt":true}},"inputContexts":null,"outputContexts":null,"kendraConfiguration":null,"qnAIntentConfiguration":null,"bedrockAgentIntentConfiguration":null,"dialogCodeHook":null,"fulfillmentCodeHook":null,"slotPriorities":[]}